User Profile,Post Link
quartzshoes,Post Link
Otherwise-Ad5445,Post Link
Grouchy-Ad1451,Post Link
nesrinet,Post Link
Stunning-Marketing63,Post Link
SwimSufficient4789,Post Link
Deuce_2410,Post Link
SwimSufficient4789,Post Link
GabrielUmud,Post Link
Boring-Rip-948,Post Link
Impossible-Cod4054,Post Link
Financial_Party1833,Post Link
Rude_Zone9211,Post Link
LebaneseTitan,Post Link
Ordinary_Sundae_9484,Post Link
OrangeLife2444,Post Link
Agreeable_List_678,Post Link
styx-reddits,Post Link
Fantastic_Deer_202,Post Link
Salt_Wealth_2685,Post Link
believertn,Post Link
nesrinet,Post Link
HDhaliwal_,Post Link
preety_kitty,Post Link
cattlover143,Post Link
Sea_Restaurant1408,Post Link
Lea__Tch,Post Link
lockheedmartincon,Post Link
